{"cameraMode":{"drawMode":0,"name":"Shaded","section":"Shading Mode"},"sceneLighting":false,"audioPlay":false,"sceneViewState":{"showFog":true,"showMaterialUpdate":false,"showSkybox":true,"showFlares":true,"showImageEffects":true,"showParticleSystems":true},"in2DMode":false,"pivot":{"x":-1.004638671875,"y":1.934326171875,"z":-0.560546875},"rotation":{"x":0.01886257901787758,"y":0.9763883352279663,"z":-0.09550021588802338,"w":0.1928466111421585},"size":7.786309719085693,"orthographic":true}